<?xml version="1.0" encoding="UTF-8"?>
<configuration scan="true" scanPeriod="30 seconds">

    <conversionRule conversionWord="clr" converterClass="org.springframework.boot.logging.logback.ColorConverter" />
    <conversionRule conversionWord="wex" converterClass="org.springframework.boot.logging.logback.WhitespaceThrowableProxyConverter" />

    <property name="CONSOLE_LOG_PATTERN" value="%clr(%d{yyyy-MM-dd HH:mm:ss.SSS}){faint} %clr([%thread]){magenta} %clr(%-5level) %clr(%logger{40}){cyan} - %msg%n" />
    <property name="FILE_LOG_PATTERN" value="%d{yyyy-MM-dd HH:mm:ss.SSS} [%thread] %-5level %logger{40} - %msg%n" />

    <appender name="CONSOLE" class="ch.qos.logback.core.ConsoleAppender">
        <encoder>
            <pattern>${CONSOLE_LOG_PATTERN}</pattern>
            <charset>UTF-8</charset>
        </encoder>
    </appender>

    <appender name="FILE" class="ch.qos.logback.core.rolling.RollingFileAppender">
        <file>logs/qa-backend.log</file>
        <rollingPolicy class="ch.qos.logback.core.rolling.SizeAndTimeBasedRollingPolicy">
            <fileNamePattern>logs/archive/qa-backend.%d{yyyy-MM-dd}.%i.log.gz</fileNamePattern>
            <maxFileSize>200MB</maxFileSize>
            <maxHistory>7</maxHistory> <totalSizeCap>5GB</totalSizeCap>
        </rollingPolicy>
        <encoder>
            <pattern>${FILE_LOG_PATTERN}</pattern>
            <charset>UTF-8</charset>
        </encoder>
    </appender>

    <appender name="ASYNC_FILE" class="ch.qos.logback.classic.AsyncAppender">
        <appender-ref ref="FILE" />
        <discardingThreshold>0</discardingThreshold>
        <queueSize>512</queueSize>
        <neverBlock>true</neverBlock>
    </appender>

    <logger name="org.springframework" level="WARN"/>
    <logger name="com.zaxxer.hikari" level="WARN"/>
    <logger name="org.hibernate" level="WARN"/>
    <logger name="io.netty" level="WARN"/>

    <root level="INFO">
        <appender-ref ref="CONSOLE"/>
        <appender-ref ref="ASYNC_FILE"/>
    </root>

</configuration>